{"cameraMode":{"drawMode":0,"name":"Shaded","section":"Shading Mode"},"sceneLighting":true,"audioPlay":false,"sceneViewState":{"showFog":true,"showMaterialUpdate":false,"showSkybox":true,"showFlares":true,"showImageEffects":true,"showParticleSystems":true},"in2DMode":false,"pivot":{"x":889.9437255859375,"y":1040.34716796875,"z":-310.9692077636719},"rotation":{"x":0.015308202244341374,"y":0.016493981704115869,"z":-0.00021988201478961855,"w":0.9997758269309998},"size":456.7153625488281,"orthographic":false}